{
  "avg_bacc": 0.7397579052273487,
  "avg_f1": 0.6614459079195867,
  "avg_auc": 0.7914161340245328,
  "folds": [
    {
      "fold": 1,
      "method": "ensemble",
      "tp": "67",
      "fp": "27",
      "tn": "176",
      "fn": "44",
      "precision": 0.7127659574468085,
      "recall": 0.6036036036036037,
      "f1": 0.6536585365853658,
      "bacc": 0.7352993387476147,
      "auc": 0.7833843695912661,
      "xgb_params": {
        "n_estimators": 509,
        "max_depth": 8,
        "learning_rate": 0.014180537144799795,
        "subsample": 0.8430179407605753,
        "colsample_bytree": 0.5852620618436457,
        "reg_alpha": 0.13010318597055903,
        "reg_lambda": 4.7444276862666666,
        "min_child_weight": 10,
        "scale_pos_weight": 2.5209933702911527
      },
      "lgb_params": {
        "n_estimators": 368,
        "max_depth": 6,
        "learning_rate": 0.01229945453294888,
        "num_leaves": 54,
        "subsample": 0.7603823878728176,
        "colsample_bytree": 0.6119868629523425,
        "reg_alpha": 0.5558663544887115,
        "reg_lambda": 3.171701731963517,
        "min_child_samples": 11,
        "class_weight": "balanced"
      }
    },
    {
      "fold": 2,
      "method": "ensemble",
      "tp": "79",
      "fp": "38",
      "tn": "165",
      "fn": "31",
      "precision": 0.6752136752136753,
      "recall": 0.7181818181818181,
      "f1": 0.696035242290749,
      "bacc": 0.7654948499776086,
      "auc": 0.8212718316166593,
      "xgb_params": {
        "n_estimators": 511,
        "max_depth": 6,
        "learning_rate": 0.016199105864894064,
        "subsample": 0.6398969277231793,
        "colsample_bytree": 0.6234541110326881,
        "reg_alpha": 1.297522518825517,
        "reg_lambda": 4.696106972831032,
        "min_child_weight": 4,
        "scale_pos_weight": 2.8451170689849916
      },
      "lgb_params": {
        "n_estimators": 206,
        "max_depth": 9,
        "learning_rate": 0.04181220994418902,
        "num_leaves": 66,
        "subsample": 0.8238802086042541,
        "colsample_bytree": 0.5205043124457918,
        "reg_alpha": 1.9217205564726998,
        "reg_lambda": 3.271498727905854,
        "min_child_samples": 47,
        "class_weight": "balanced"
      }
    },
    {
      "fold": 3,
      "method": "stacking",
      "tp": "72",
      "fp": "36",
      "tn": "167",
      "fn": "38",
      "precision": 0.6666666666666666,
      "recall": 0.6545454545454545,
      "f1": 0.6605504587155963,
      "bacc": 0.738602776533811,
      "auc": 0.8050156739811912,
      "xgb_params": {
        "n_estimators": 477,
        "max_depth": 9,
        "learning_rate": 0.01938661219676161,
        "subsample": 0.8699264551314037,
        "colsample_bytree": 0.8565122554129693,
        "reg_alpha": 1.0999063538160185,
        "reg_lambda": 4.623256709170364,
        "min_child_weight": 6,
        "scale_pos_weight": 2.839545865723733
      },
      "lgb_params": {
        "n_estimators": 264,
        "max_depth": 4,
        "learning_rate": 0.06727693701374024,
        "num_leaves": 50,
        "subsample": 0.8034282764658811,
        "colsample_bytree": 0.9537832369630466,
        "reg_alpha": 0.4985844582977499,
        "reg_lambda": 2.0519146151781484,
        "min_child_samples": 39,
        "class_weight": "balanced"
      }
    },
    {
      "fold": 4,
      "method": "stacking",
      "tp": "62",
      "fp": "22",
      "tn": "180",
      "fn": "49",
      "precision": 0.7380952380952381,
      "recall": 0.5585585585585585,
      "f1": 0.6358974358974359,
      "bacc": 0.7248238337347248,
      "auc": 0.7688208009990188,
      "xgb_params": {
        "n_estimators": 800,
        "max_depth": 4,
        "learning_rate": 0.033646697038230367,
        "subsample": 0.9548679506765707,
        "colsample_bytree": 0.6947502193315266,
        "reg_alpha": 1.6583770380773004,
        "reg_lambda": 3.360101441934768,
        "min_child_weight": 4,
        "scale_pos_weight": 2.3980286095269037
      },
      "lgb_params": {
        "n_estimators": 306,
        "max_depth": 5,
        "learning_rate": 0.0424921087864446,
        "num_leaves": 50,
        "subsample": 0.8799766854588575,
        "colsample_bytree": 0.8144476448489586,
        "reg_alpha": 1.7038545273082955,
        "reg_lambda": 1.834137704330507,
        "min_child_samples": 45,
        "class_weight": "balanced"
      }
    },
    {
      "fold": 5,
      "method": "ensemble",
      "tp": "79",
      "fp": "49",
      "tn": "153",
      "fn": "32",
      "precision": 0.6171875,
      "recall": 0.7117117117117117,
      "f1": 0.6610878661087867,
      "bacc": 0.7345687271429846,
      "auc": 0.7785879939345285,
      "xgb_params": {
        "n_estimators": 234,
        "max_depth": 6,
        "learning_rate": 0.019756773233680792,
        "subsample": 0.7961920904992131,
        "colsample_bytree": 0.7091359872348602,
        "reg_alpha": 1.7763908597775293,
        "reg_lambda": 3.886280409061662,
        "min_child_weight": 7,
        "scale_pos_weight": 2.9411873517990363
      },
      "lgb_params": {
        "n_estimators": 317,
        "max_depth": 5,
        "learning_rate": 0.011186129294283115,
        "num_leaves": 83,
        "subsample": 0.9720602097687403,
        "colsample_bytree": 0.7152260414518055,
        "reg_alpha": 0.6930892411480962,
        "reg_lambda": 3.132394567758081,
        "min_child_samples": 43,
        "class_weight": "balanced"
      }
    }
  ]
}